HR_diff,Win_Rate,N
-3,0.25,4
-2,0.25,4
-1,0.2222222222222222,9
0,0.5,12
1,0.7777777777777778,9
2,0.75,4
3,0.75,4
